[
  {
    "rank": "1",
    "name": "Mark Slam"
  },
  {
    "rank": "2",
    "name": "Randy Fishburn"
  },
  {
    "rank": "3",
    "name": "Randall Fishburn"
  },
  {
    "rank": "4",
    "name": "Don Lowe"
  },
  {
    "rank": "5",
    "name": "Lucas Taylor"
  },
  {
    "rank": "6",
    "name": "Vince Ivey"
  },
  {
    "rank": "7",
    "name": "Tom Barnard"
  },
  {
    "rank": "8",
    "name": "Tony Newmann"
  },
  {
    "rank": "9",
    "name": "Jeff Chichester"
  },
  {
    "rank": "10",
    "name": "Sam Merritt"
  },
  {
    "rank": "11",
    "name": "Michael Thistlewood"
  },
  {
    "rank": "12",
    "name": "Jo Craclik"
  },
  {
    "rank": "13",
    "name": "Jon Glennon"
  },
  {
    "rank": "14",
    "name": "Lyndl Navarrete"
  }
]